title,url
Genesys Cloud: Edge - Troubleshooting,https://beyond.genesys.com/explore/course/edge-troubleshooting
Genesys Cloud: Edge - BYOC Premises and Edge Introductory Concepts,https://beyond.genesys.com/explore/course/edge-byoc-premises-and-edge-introductory-concepts
Genesys Cloud: API - Workforce Management,https://beyond.genesys.com/explore/course/api-workforce-management
Genesys Cloud: API - Real-Time Reporting,https://beyond.genesys.com/explore/course/api-real-time-reporting
Genesys Cloud: API - Quality Report Generation,https://beyond.genesys.com/explore/course/api-quality-report-generation
Genesys Cloud: API - Historical Report Generation,https://beyond.genesys.com/explore/course/api-historical-report-generation
Genesys Cloud: WEM - Speech and Text Analytics - Voice and Digital Transcriptions,https://beyond.genesys.com/explore/course/wem-speech-and-text-analytics-voice-and-digital-transcriptions
Genesys Cloud: API - Conversation Details,https://beyond.genesys.com/explore/course/api-conversation-details
Genesys Cloud: API - Authorization,https://beyond.genesys.com/explore/course/api-authorization
Genesys Cloud: Social Listening - Setup and Configuration,https://beyond.genesys.com/explore/course/social-listening-setup-and-configuration
Genesys Cloud: Gamification Concepts,https://beyond.genesys.com/explore/course/gamification-concepts
Genesys Cloud: AI/Bots: Virtual Agent - Setup and Configuration,https://beyond.genesys.com/explore/course/aibots-virtual-agent-setup-and-configuration
Genesys Cloud: WEM - Supervisor AI for Quality Management,https://beyond.genesys.com/explore/course/wem-supervisor-ai-for-quality-management
Genesys Cloud: WEM - Supervisor AI for Speech and Text Analytics,https://beyond.genesys.com/explore/course/wem-supervisor-ai-for-speech-and-text-analytics
Genesys Cloud: Introduction to CX as Code,https://beyond.genesys.com/explore/course/cx-as-code
Genesys Cloud: Journey Management - Understanding Data Behind the Insights,https://beyond.genesys.com/explore/course/journey-management-understanding-data-behind-the-insights
Genesys Cloud: AI Solutions for Customer Engagement,https://beyond.genesys.com/explore/course/ai-solutions-for-customer-engagement
Genesys Cloud: AI Solutions for Customer Self-Service,https://beyond.genesys.com/explore/course/ai-solutions-for-customer-self-service
Genesys Cloud CX: WEM - Speech and Text Analytics - Sentiment Analysis,https://beyond.genesys.com/explore/course/wem-speech-and-text-analytics-sentiment-analysis
Genesys Cloud: API - Introduction to the Platform API,https://beyond.genesys.com/explore/course/api-the-platform-api
Genesys Cloud: Contact Center Administrator - Data and Analytics,https://beyond.genesys.com/explore/course/contact-center-administrator-data-and-analytics
Genesys Cloud CX: Coaching - Usage for Supervisors,https://beyond.genesys.com/explore/course/coaching-usage-for-supervisors
Genesys Cloud: Coaching - Usage for Agents,https://beyond.genesys.com/explore/course/coaching-usage-for-agents
Genesys Cloud: Coaching - Overview,https://beyond.genesys.com/explore/course/coaching-overview
Genesys Cloud - QM Web Survey,https://beyond.genesys.com/explore/course/genesys-cloud-qm-web-survey
Genesys Cloud: Agentless Voice Notifications,https://beyond.genesys.com/explore/course/agentless-voice-notifications
Genesys Cloud Integrations: Data Actions,https://beyond.genesys.com/explore/course/genesys-cloud-integrations-data-actions
Genesys Cloud: Contact Center Administrator - Data Actions,https://beyond.genesys.com/explore/course/contact-center-administrator-data-actions
Genesys Cloud: Contact Center Administrator - Outbound Dialing,https://beyond.genesys.com/explore/course/contact-center-administrator-outbound-dialing
Genesys Cloud Integrations: Embedded Clients,https://beyond.genesys.com/explore/course/genesys-cloud-integrations-embedded-clients
Genesys Cloud Integrations: Custom Client Applications,https://beyond.genesys.com/explore/course/genesys-cloud-integrations-custom-client-applications
Genesys Cloud Integrations: AppFoundry,https://beyond.genesys.com/explore/course/genesys-cloud-integrations-appfoundry
Genesys Cloud Integrations: Integration Features,https://beyond.genesys.com/explore/course/genesys-cloud-integrations-integration-features
Genesys Cloud CX: WEM - Adding your Schedule to External Calendars,https://beyond.genesys.com/explore/course/wem-adding-your-schedule-to-external-calendars
Genesys Cloud: WEM - Shift Trades for Agents,https://beyond.genesys.com/explore/course/wem-shift-trades-for-agents
Genesys Cloud CX: WEM - Schedules for Agents,https://beyond.genesys.com/explore/course/wem-schedules-for-agents
Genesys Cloud: Web Messaging,https://beyond.genesys.com/explore/course/web-messaging
Genesys Cloud: Voice Additional Features for Agents,https://beyond.genesys.com/explore/course/voice-additional-features-for-agents
Genesys Cloud CX: Email for Agents,https://beyond.genesys.com/explore/course/email-for-agents
Genesys Cloud: Cloud Media Services - Telephony Connection Options,https://beyond.genesys.com/explore/course/cloud-media-services-telephony-connection-options
Genesys Cloud CX: Campaign Tasks for Agents,https://beyond.genesys.com/explore/course/campaign-tasks-for-agents
Genesys Cloud: Edge - Networking,https://beyond.genesys.com/explore/course/edge-networking
Genesys Cloud: Edge - BYOC Premise Configuration,https://beyond.genesys.com/explore/course/edge-byoc-premise-configuration
Genesys Cloud: Edge - How It Works,https://beyond.genesys.com/explore/course/edge-how-it-works
Genesys Cloud: Edge - WebRTC,https://beyond.genesys.com/explore/course/edge-webrtc
Introduction to Genesys Cloud for Supervisors: Essentials,https://beyond.genesys.com/explore/course/genesys-cloud-for-supervisors-essentials
Genesys Cloud Telephony,https://beyond.genesys.com/explore/course/genesys-cloud-telephony
Genesys Cloud Routing,https://beyond.genesys.com/explore/course/genesys-cloud-routing
Genesys Cloud: Voice Essentials for Agents,https://beyond.genesys.com/explore/course/voice-essentials-for-agents
Genesys Cloud CX: An Overview,https://beyond.genesys.com/explore/course/an-overview
Introduction to Genesys Cloud for Agents: Working Together,https://beyond.genesys.com/explore/course/genesys-cloud-for-agents-working-together
Introduction to Genesys Cloud for Agents: The Basics,https://beyond.genesys.com/explore/course/genesys-cloud-for-agents-the-basics
Genesys Cloud: Edge - Survivability,https://beyond.genesys.com/explore/course/edge-survivability
Genesys Cloud CX: Development and Feedback - Usage for Agents,https://beyond.genesys.com/explore/course/development-and-feedback-usage-for-agents
Genesys Cloud: WEM - Development and Feedback - Usage for Supervisors,https://beyond.genesys.com/explore/course/wem-development-and-feedback-usage-for-supervisors
Genesys Cloud CX: WEM - Time Off for Agents,https://beyond.genesys.com/explore/course/wem-time-off-for-agents
Genesys Cloud CX: Performance Views for Agents,https://beyond.genesys.com/explore/course/performance-views-for-agents
Genesys Cloud: WEM - Quality Management - Reviewing My Evaluations,https://beyond.genesys.com/explore/course/wem-quality-management-reviewing-my-evaluations
Genesys Cloud: WEM - Using Genesys Tempo Mobile Application,https://beyond.genesys.com/explore/course/wem-using-genesys-tempo-mobile-application
Genesys Cloud: API - User Management,https://beyond.genesys.com/explore/course/api-user-management
Genesys Cloud: API - Conversation Management,https://beyond.genesys.com/explore/course/api-conversation-management
Genesys Cloud: Contact Center Administrator - Scripting,https://beyond.genesys.com/explore/course/contact-center-administrator-scripting
Genesys Cloud: Contact Center Administrator - ACD,https://beyond.genesys.com/explore/course/contact-center-administrator-acd
Genesys Cloud: Contact Center Administrator - Initial Configuration,https://beyond.genesys.com/explore/course/contact-center-administrator-initial-configuration
Genesys Cloud Performance Dashboards,https://beyond.genesys.com/explore/course/genesys-cloud-performance-dashboards
Introduction to Genesys Cloud for Supervisors: Additional Features,https://beyond.genesys.com/explore/course/genesys-cloud-for-supervisors-additional-features
Introduction to Genesys Cloud for Supervisors: Analytics and Reporting,https://beyond.genesys.com/explore/course/genesys-cloud-for-supervisors-analytics-and-reporting
Genesys Cloud CX: AI - Predictive Engagement - Web Tracking for Developers,https://beyond.genesys.com/explore/course/ai-predictive-engagement-web-tracking-for-developers
Genesys Cloud CX: AI - Predictive Engagement - Setup and Configuration,https://beyond.genesys.com/explore/course/ai-predictive-engagement-setup-and-configuration
Genesys Cloud CX: AI - Predictive Routing - Configuration,https://beyond.genesys.com/explore/course/ai-predictive-routing-configuration
Genesys Cloud CX: WEM - Speech and Text Analytics - Topic Spotting,https://beyond.genesys.com/explore/course/wem-speech-and-text-analytics-topic-spotting
Genesys Cloud CX: AI - Predictive Routing - Getting Started,https://beyond.genesys.com/explore/course/ai-predictive-routing-getting-started
Genesys Cloud CX: AI/Bots - Knowledge Workbench,https://beyond.genesys.com/explore/course/aibots-knowledge-workbench
Genesys Cloud Contact Center Features,https://beyond.genesys.com/explore/course/genesys-cloud-contact-center-features
Genesys Cloud Platform,https://beyond.genesys.com/explore/course/genesys-cloud-platform
Genesys Cloud: API - License,https://beyond.genesys.com/explore/course/api-license
Genesys Cloud: WEM - Voice Surveys,https://beyond.genesys.com/explore/course/wem-voice-surveys
Genesys Cloud: Journey Management - Journey Analyzer - Building Charts,https://beyond.genesys.com/explore/course/journey-management-journey-analyzer-building-charts
Genesys Cloud: WEM - Supervisor Activity View,https://beyond.genesys.com/explore/course/wem-supervisor-activity-view
Genesys Cloud CX: API - Speech and Text Analytics,https://beyond.genesys.com/explore/course/api-speech-and-text-analytics
Genesys Cloud CX: AI/Bots - Fundamentals,https://beyond.genesys.com/explore/course/aibots-fundamentals
Genesys Cloud CX: AI/Bots - Intent Miner,https://beyond.genesys.com/explore/course/aibots-intent-miner
Genesys Cloud: WEM - Time-Off Management,https://beyond.genesys.com/explore/course/wem-time-off-management
Genesys Cloud: Cloud Media Services - Business Continuity,https://beyond.genesys.com/explore/course/cloud-media-services-business-continuity
Genesys Cloud: Cloud Media Services - Purchase to Port,https://beyond.genesys.com/explore/course/cloud-media-services-purchase-to-port
Genesys Cloud CX: Gamification,https://beyond.genesys.com/explore/course/gamification
Genesys Cloud: Cloud Media Services - BYOC,https://beyond.genesys.com/explore/course/cloud-media-services-byoc
Genesys Cloud: WEM - Agent Activity View,https://beyond.genesys.com/explore/course/wem-agent-activity-view
Genesys Cloud CX: SMS Basics for Agents,https://beyond.genesys.com/explore/course/sms-basics-for-agents
Genesys Cloud: AI/Bots - Knowledge Workbench - Knowledge Portal,https://beyond.genesys.com/explore/course/aibots-knowledge-workbench-knowledge-portal
Genesys Cloud CX: AI/Bots - Knowledge Workbench - Knowledge Optimizer,https://beyond.genesys.com/explore/course/aibots-knowledge-workbench-knowledge-optimizer
Genesys Cloud CX: AI/Bots - Agent Assist,https://beyond.genesys.com/explore/course/aibots-agent-assist
Genesys Cloud CX: AI - Predictive Engagement - Integrations for Developers,https://beyond.genesys.com/explore/course/ai-predictive-engagement-integrations-for-developers
Genesys Cloud CX: AI - Predictive Engagement - Reporting and Analytics,https://beyond.genesys.com/explore/course/ai-predictive-engagement-reporting-and-analytics
Genesys Cloud: WEM - Speech and Text Analytics - Getting Started,https://beyond.genesys.com/explore/course/wem-speech-and-text-analytics-getting-started
Genesys Cloud CX: AI - Predictive Engagement - Customer Journey for Agents,https://beyond.genesys.com/explore/course/ai-predictive-engagement-customer-journey-for-agents
Genesys Cloud CX: AI - Predictive Engagement - Working with Action Maps,https://beyond.genesys.com/explore/course/ai-predictive-engagement-working-with-action-maps
Contact Center Metrics for Agents,https://beyond.genesys.com/explore/course/contact-center-metrics-for-agents
Genesys Cloud CX: AI/Bots - Agent Assist for Agents,https://beyond.genesys.com/explore/course/aibots-agent-assist-for-agents
Genesys Cloud CX: AI/Bots - Digital Bot Flow Actions and Tasks,https://beyond.genesys.com/explore/course/aibots-digital-bot-flow-actions-and-tasks
Genesys Cloud CX: Messaging for Agents,https://beyond.genesys.com/explore/course/messaging-for-agents
Genesys Cloud CX: Digital - Onboarding Guide,https://beyond.genesys.com/explore/course/digital-onboarding-guide
Genesys Cloud CX: Asynchronous Messaging for Retail,https://beyond.genesys.com/explore/course/asynchronous-messaging-for-retail
CX Cloud from Genesys and Salesforce - Initial Setup and Configuration,https://beyond.genesys.com/explore/course/initial-setup-and-configuration
Genesys Cloud: WEM - Speech and Text Analytics - Improving Transcription Accuracy,https://beyond.genesys.com/explore/course/wem-speech-and-text-analytics-improving-transcription-accuracy
Genesys Cloud: AI - Agent Copilot - Agent Usage,https://beyond.genesys.com/explore/course/ai-agent-copilot-agent-usage
Genesys Cloud: AI - Agent Copilot - Setup and Configuration,https://beyond.genesys.com/explore/course/ai-agent-copilot-setup-and-configuration
Genesys Cloud: Journey Management - Getting Started Quickly,https://beyond.genesys.com/explore/course/journey-management-getting-started-quickly
Genesys Cloud: Journey Management - Journey Analyzer Filters and Connector Settings,https://beyond.genesys.com/explore/course/journey-management-journey-analyzer-filters-and-connector-settings
Genesys Cloud: AI - Predictive Routing - Performance Reports,https://beyond.genesys.com/explore/course/ai-predictive-routing-performance-reports
Genesys Cloud: WFM - Creating Forecasts,https://beyond.genesys.com/explore/course/wfm-creating-forecasts
Genesys Cloud: Journey Management - Journey Analyzer,https://beyond.genesys.com/explore/course/journey-management-journey-analyzer
Genesys Cloud: Architect - Journey Flows,https://beyond.genesys.com/explore/course/architect-journey-flows
Genesys Cloud: WFM - Activity Codes and Work Plans,https://beyond.genesys.com/explore/course/wfm-activity-codes-and-work-plans
Genesys Cloud: WEM - Speech and Text Analytics - Empathy Analysis,https://beyond.genesys.com/explore/course/wem-speech-and-text-analytics-empathy-analysis
Genesys Cloud: WFM - Service Goal Templates and Planning Groups Configuration,https://beyond.genesys.com/explore/course/wfm-service-goal-templates-and-planning-groups-configuration
Introduction to CX Cloud from Genesys and Salesforce - For Agents,https://beyond.genesys.com/explore/course/for-agents
Genesys Cloud: SMS Messaging,https://beyond.genesys.com/explore/course/sms-messaging
Genesys Cloud: Work Automation - Supervisor and Agent Usage,https://beyond.genesys.com/explore/course/work-automation-supervisor-and-agent-usage
Genesys Cloud: Work Automation - Setup and Configuration,https://beyond.genesys.com/explore/course/work-automation-setup-and-configuration
Genesys Cloud: WFM - Business Unit and Management Unit Configuration,https://beyond.genesys.com/explore/course/wfm-business-unit-and-management-unit-configuration
Genesys Cloud: Quality Management - Evaluating Interactions,https://beyond.genesys.com/explore/course/quality-management-evaluating-interactions
Genesys Cloud: Quality Management Configuration,https://beyond.genesys.com/explore/course/quality-management-configuration
Genesys Cloud CX: WEM - Speech and Text Analytics - Business Analytics for Speech Data,https://beyond.genesys.com/explore/course/wem-speech-and-text-analytics-business-analytics-for-speech-data
Genesys Cloud: Quality Management - Basics,https://beyond.genesys.com/explore/course/quality-management-basics
Genesys Cloud CX: WEM - Speech and Text Analytics - Topic Miner,https://beyond.genesys.com/explore/course/wem-speech-and-text-analytics-topic-miner
Genesys Cloud CX: AI/Bots - Build a Digital Bot for Inbound Message Flows,https://beyond.genesys.com/explore/course/aibots-build-a-digital-bot-for-inbound-message-flows
Contact Center Basics for Agents,https://beyond.genesys.com/explore/course/contact-center-basics-for-agents
The Agent's Role in the Contact Center,https://beyond.genesys.com/explore/course/the-agents-role-in-the-contact-center
Empathy Basics for Agents,https://beyond.genesys.com/explore/course/empathy-basics-for-agents
Genesys Cloud: WEM - Performance Management with Scorecard Insights,https://beyond.genesys.com/explore/course/wem-performance-management-with-scorecard-insights
Genesys Cloud: AI/Bots - Use Knowledge Workbench with Bots,https://beyond.genesys.com/explore/course/aibots-use-knowledge-workbench-with-bots
CX Cloud from Genesys and Salesforce: Beginner Guide for Agents,https://beyond.genesys.com/explore/course/beginner-guide-for-agents
Genesys Cloud: Introduction to Workforce Management Configuration,https://beyond.genesys.com/explore/course/workforce-management-configuration
Genesys Cloud: Messaging Overview,https://beyond.genesys.com/explore/course/messaging-overview
Genesys Cloud: AI/Bots - Bot Insights and Optimizations,https://beyond.genesys.com/explore/course/aibots-bot-insights-and-optimizations
Genesys Cloud Work Automation - Business Value Overview,https://beyond.genesys.com/explore/course/genesys-cloud-work-automation-business-value-overview
Genesys Cloud: WFM - Monitoring and Adherence,https://beyond.genesys.com/explore/course/wfm-monitoring-and-adherence
Genesys Cloud: Journey Management for Contact Center Optimization,https://beyond.genesys.com/explore/course/journey-management-for-contact-center-optimization
Genesys Cloud: WFM - Creating Schedules,https://beyond.genesys.com/explore/course/wfm-creating-schedules
Genesys Cloud: AI - Agent Assist - Analytics and Best Practices,https://beyond.genesys.com/explore/course/ai-agent-assist-analytics-and-best-practices
Genesys Cloud: Architect - Flow Outcomes and Flow Milestones,https://beyond.genesys.com/explore/course/architect-flow-outcomes-and-flow-milestones
